E1,E10,E11,E12,E13,E14,E15,E16,E17,E18,E19,E2,E20,E3,E4,E5,E6,E7,E8,E9,Estrength,Nsites,SvN1,SvN10,SvN11,SvN12,SvN13,SvN14,SvN15,SvN16,SvN17,SvN18,SvN19,SvN2,SvN20,SvN3,SvN4,SvN5,SvN6,SvN7,SvN8,SvN9,angle,correlation1,correlation10,correlation11,correlation12,correlation13,correlation14,correlation15,correlation16,correlation17,correlation18,correlation19,correlation2,correlation20,correlation3,correlation4,correlation5,correlation6,correlation7,correlation8,correlation9,g,inversion_symmetry1,inversion_symmetry10,inversion_symmetry11,inversion_symmetry12,inversion_symmetry13,inversion_symmetry14,inversion_symmetry15,inversion_symmetry16,inversion_symmetry17,inversion_symmetry18,inversion_symmetry19,inversion_symmetry2,inversion_symmetry20,inversion_symmetry3,inversion_symmetry4,inversion_symmetry5,inversion_symmetry6,inversion_symmetry7,inversion_symmetry8,inversion_symmetry9,memory,mmax,pairs,parity1,parity10,parity11,parity12,parity13,parity14,parity15,parity16,parity17,parity18,parity19,parity2,parity20,parity3,parity4,parity5,parity6,parity7,parity8,parity9,prev_corresponding_energy1,prev_corresponding_energy10,prev_corresponding_energy11,prev_corresponding_energy12,prev_corresponding_energy13,prev_corresponding_energy14,prev_corresponding_energy15,prev_corresponding_energy16,prev_corresponding_energy17,prev_corresponding_energy18,prev_corresponding_energy19,prev_corresponding_energy2,prev_corresponding_energy20,prev_corresponding_energy3,prev_corresponding_energy4,prev_corresponding_energy5,prev_corresponding_energy6,prev_corresponding_energy7,prev_corresponding_energy8,prev_corresponding_energy9,reflection_symmetry1,reflection_symmetry10,reflection_symmetry11,reflection_symmetry12,reflection_symmetry13,reflection_symmetry14,reflection_symmetry15,reflection_symmetry16,reflection_symmetry17,reflection_symmetry18,reflection_symmetry19,reflection_symmetry2,reflection_symmetry20,reflection_symmetry3,reflection_symmetry4,reflection_symmetry5,reflection_symmetry6,reflection_symmetry7,reflection_symmetry8,reflection_symmetry9,t_diagonalization,t_metrics
-0.0003125052332506712,1.006000823639238,1.0087687266411023,1.0122387932107215,1.0177277104538007,1.969290061420177,1.9767274543806908,1.9773550293004591,1.9800662455389928,1.9829575945849527,1.9845872745686497,0.9816892483523492,1.9862595628257096,0.9873005371279003,0.9907498239447278,0.993531317024175,0.9953687054041269,0.9975463582999218,1.0019966848473205,1.0042687416053289,0.0,6,0.00037110546044586784,1.0987649643673514,0.6933298134699156,1.3863118023221774,1.0986977762734016,1.087316752943763,1.116310711054149,1.3863229156838377,1.3611540982097625,1.4080475328533903,1.0753719938199906,1.0828893109204674,3.288385037597645,0.6934581275714984,0.6933289614451896,0.693478457932156,1.046969854465843,0.6933939537303824,1.456644230382287,3.1532043356015325,90.0,0.0025006322147758963,0.1266204819470838,0.1813060595179766,-0.12289543598430586,-0.1770516136077468,0.30749275317622116,0.01908372053624808,0.22622850109320797,0.08823198158988846,0.16946263329111175,-0.30432824009168524,0.18334204721674827,0.13710252436202827,0.12646628751854366,-0.17907929346166215,-0.1227619717133368,0.045187926460084946,-0.04191668812405482,0.047083460146852205,-0.04379724760771616,0.01,1.000000000000018,4.068732470924514e-23,5.4532635250490996e-24,1.0000000000002136,1.0000000000000175,1.000000000000042,2.0014881248327747e-11,0.9999927882541526,0.00018247569509811237,1.0000000000000215,1.0000000000000238,1.0000000000000075,1.0000000000000346,1.0000000000000062,4.847192622628567e-25,3.7217310053710946e-25,1.000000000000271,1.4452520883248466e-24,4.996191307967758e-24,1.0000000000000213,799512762,2,nearest,1.000000000000018,1.8280514447114732e-28,1.5568446144621773e-28,9.143756518515799e-29,7.348569027669777e-29,1.000000000000042,0.9999999999998949,0.9999999999991842,0.9999987893887571,1.0000000000000218,1.0000000000000238,1.2897650735132976e-29,1.0000000000000346,5.764692634618701e-29,7.975336440700002e-29,1.2774242006006776e-28,5.221154161543296e-29,4.7773489481241815e-29,5.350359367783952e-29,4.233169489464602e-29,1,10,11,12,13,14,15,16,17,18,19,2,20,3,4,5,6,7,8,9,1.000000000000018,6.370942384414155e-24,1.0000000000000282,1.0000000000002136,5.0928115198255145e-24,1.0000000000000422,0.9961838726919132,4.347464284221463e-8,0.12224551073244279,1.0000000000000218,1.0000000000000235,1.000000000000008,1.0000000000000346,6.538261625213525e-26,1.1929127157413382e-23,0.9999999999999843,1.000000000000271,6.441956047451142e-24,1.0000000000000426,4.1204293386717375e-24,14.293061072,3.261139482
-0.011256805586170746,1.0289523625665016,1.0453404751074178,1.0663832061189713,1.0975892653762587,1.809285692926679,1.8539801226846113,1.8543623388104418,1.8590021113566493,1.8871337252922613,1.8942288239619152,0.8814203792752887,1.9025819392729773,0.9170344390752033,0.9373267463237391,0.95419587194665,0.966848634415074,0.9784283259000639,1.0051109679124317,1.020081081418443,0.0,6,0.6960799163481703,1.117323392361458,3.2908466519749715,3.1843630458109558,3.2823503986637466,0.4896502891779075,1.1405742665448892,1.1364268077434543,1.3869841173132624,1.4944613346998872,1.1685297480815033,1.4610890263970249,0.5138422346308381,0.7008121554963797,1.1069232711475057,1.3956998119653594,0.6984662789498114,0.6994767743800694,1.1513029484324293,0.6981431425277212,90.0,0.0151369618168905,0.13611450484726645,0.18690172575938663,-0.11332584670992937,-0.16136192872399652,0.3198515061521211,0.028707714520112736,0.030557641861829556,0.23332152290258584,0.07479887837488916,0.16717146506051903,0.19923973605404546,-0.2987638672947248,0.13483176140412007,-0.17340682339017682,-0.11279704346808568,0.04835797811655904,-0.028791502735743612,0.05992210400080239,-0.03981650584288081,0.06,1.0000000000000528,4.4844786391066504e-26,1.3765374505218226e-25,1.000000000000036,1.0000000000000735,0.9999999999999956,4.0161079195029025e-17,3.628170191291847e-16,1.0000000000000175,2.368124733865885e-9,0.9999999999999751,1.0000000000000775,1.000000000000048,1.0000000000000124,2.3925451799727204e-25,3.1624745439985437e-25,1.0000000000000004,8.28602481949394e-25,2.5039195319946852e-25,1.0000000000000193,772348064,2,nearest,1.0000000000000528,9.362790834268334e-29,2.378500564662664e-28,2.70690716242779e-29,2.5389479134338996e-28,0.9999999999999957,1.0000000000000073,1.000000000000031,1.000000000000023,0.9999999977629723,0.9999999999999752,6.778349403831006e-29,1.000000000000048,7.943325102845643e-29,9.486735214385677e-29,2.132017096481494e-28,2.6248192322694893e-29,3.8581693821941275e-29,5.277000517571546e-29,1.5251681835850273e-28,1,10,11,12,13,14,17,15,16,17,18,2,19,3,4,5,6,7,8,9,1.0000000000000528,9.059643745653237e-25,0.9999999999999962,1.000000000000036,3.3778655651535986e-26,0.9999999999999956,8.773956104782379e-16,0.9999999999999051,3.115054338568635e-16,0.9417614541558231,0.9999999999999751,1.0000000000000775,1.000000000000048,1.0307065997590444e-25,7.773244369427125e-25,1.0000000000000189,1.0000000000000004,9.478740754026916e-25,0.9999999999999907,3.049421007963695e-25,10.654948258,0.437487279
-0.03789002306500006,1.0400370957547038,1.069659384698513,1.108415560398475,1.1627349656749089,1.63907998277813,1.7209033797775868,1.7221699930644114,1.7324792973432162,1.782261120611275,1.7828639526610346,0.7667074218330283,1.7999929471505485,0.8358627168405353,0.8720781605283681,0.90324974608897,0.9295327950156597,0.9478786167541565,0.996711233090049,1.0263856516609826,0.0,6,0.7067558459273426,0.7176330338048014,3.158920631072263,1.1148112067133498,1.1082736837316656,0.5033419386438145,1.159717176391498,1.1527708964655379,1.3881788988310746,1.5387840940918533,1.5605765292316474,1.6990341033371397,1.2352954347568947,3.2386581750562766,1.1470378733137738,0.7171919977922147,1.4443854634335616,0.7116889200190151,0.7113886811652222,1.10828674614538,90.0,0.02835001486212435,0.14563212868921138,0.19273063501202642,-0.10269119976873771,-0.14550834542225072,0.330993028176763,0.039008154990529086,0.04261751009565677,0.2395390763648554,0.09650067371301344,0.08288490160876619,0.2155494245073004,0.15420246198308232,0.14248370627269594,-0.16739108787154217,-0.1021392869345223,0.0513837966200266,-0.01518685855341279,0.07284171369363482,-0.03483277887600992,0.11,1.0000000000000726,3.7084606055119765e-24,9.162472735317488e-25,1.0000000000000246,1.00000000000003,1.0000000000000095,1.646964729673235e-24,1.0184739863837908e-25,0.999999999999988,2.0170870794204976e-19,1.7968058280080616e-18,1.000000000000016,1.0000000000000115,0.9999999999999792,5.867422366254457e-25,1.3836829510605705e-25,1.0000000000000104,8.565730390952699e-27,1.844232458369516e-26,1.0000000000000389,772431872,2,nearest,1.0000000000000726,2.054779013725019e-28,2.166294352298228e-28,1.264175046938524e-28,3.262288668670561e-28,1.0000000000000098,1.000000000000034,1.0000000000000324,0.9999999999999883,1.000000000000031,1.0000000000000113,9.609594070257693e-29,1.0000000000000115,4.826692345784334e-29,1.0858842457527983e-28,1.2677975049071128e-28,1.4562307362304154e-28,9.930137373973356e-29,2.2304899494915013e-28,1.2924938544794923e-28,1,10,11,12,13,14,15,16,17,-1,18,2,19,3,4,5,6,7,8,9,1.0000000000000726,3.875043443813728e-25,1.0000000000000124,1.0000000000000244,1.2234810090948095e-26,1.0000000000000098,2.1772446969047218e-24,1.0000000000000324,1.2014766662937624e-25,3.3974196252663068e-18,1.000000000000011,1.000000000000016,1.0000000000000113,5.835926108537376e-26,2.3657317627764074e-26,1.0000000000000215,1.0000000000000102,1.989784767990977e-26,1.0000000000000189,1.5748069385823529e-25,11.38452479,0.420113509
-0.08035156391819834,1.0390640571964695,1.0815405594766003,1.1378405577724529,1.2130307829351852,1.459528252920719,1.577760032200974,1.5803913145789084,1.5982771983073534,1.6679589729511377,1.6696223139606041,0.6376704405304284,1.7003852424561179,0.7443085188014363,0.7951754515020835,0.8407016851904192,0.8835134970311022,0.9058262237240348,0.9766596778318737,1.0227106201309075,0.0,6,3.067570299463188,0.7401679665285616,0.7205549455076565,0.7405842243739692,0.7165286445023921,0.5205833570058689,1.1805045771065346,1.1714944209295255,1.3896985675871583,1.5250857014900498,1.554897230290075,0.706577501884574,1.3533597361308654,1.1251845454854192,0.7187724740807767,0.7389919583198491,0.7259894743339813,0.729093345366875,0.7282968469671462,0.721176451191048,90.0,0.042645452428951555,0.1554822505992326,0.19903352262307167,-0.09076114677096239,-0.1291952481613107,0.3406384434621249,0.049781835671192674,0.05535789428543917,0.24497200512659983,0.11151448629951521,0.0912874821139336,0.232440150457392,0.1174731617760075,0.14950624718604785,-0.16078902146078802,-0.09048797025217939,0.05466500132340226,-0.0008760488879975957,0.08609597046038578,-0.02847635759104377,0.16,1.0000000000001124,3.7249150360516256e-25,2.0422308448273545e-26,1.0000000000000124,1.0000000000000353,1.0000000000000633,1.0955505994711501e-24,1.5062506919542572e-23,1.0000000000000522,4.221185172410339e-25,7.096790669707206e-26,1.0000000000000118,1.0000000000000209,1.0000000000000255,3.7884058897107566e-26,2.791051998727471e-26,1.000000000000031,1.2065448819056536e-25,1.5670761941558243e-26,0.9999999999999958,772482576,2,nearest,1.0000000000001124,8.860891297013652e-29,1.6089125489503785e-28,8.39114768755552e-28,1.7311361556157187e-27,1.0000000000000635,1.0000000000000275,1.0000000000000253,1.000000000000052,1.000000000000069,1.000000000000039,1.3347441727248826e-28,1.0000000000000204,6.98219201602711e-29,5.726622238224009e-29,1.5927486009418776e-28,8.447686685327782e-29,2.2881621501676752e-28,1.493999156232945e-28,8.059171944831173e-29,1,10,11,12,13,14,15,16,17,18,19,2,20,3,4,5,6,7,8,9,1.0000000000001124,3.841241543656285e-26,1.0000000000000082,1.0000000000000124,5.7998744236857474e-27,1.0000000000000635,4.936453382835425e-24,1.0000000000000255,1.455227745459099e-23,4.983781257518874e-22,1.0000000000000393,1.0000000000000118,1.0000000000000209,1.4441442398799826e-26,1.386276525805409e-26,1.0000000000000075,1.000000000000031,1.186860460389577e-25,0.9999999999999909,3.1442374434282345e-26,11.691012712,0.340246266
-0.13887424498386491,1.0257970764775999,1.0807942321127186,1.1541519406014848,1.2483174899348644,1.271629044718635,1.4248348490830105,1.4292657685301495,1.4568557797813708,1.5441924738697763,1.5477409125339474,0.49445431776921955,1.5948022024731885,0.6429070981187645,0.7067843997191624,0.7664923112845811,0.8287377051993141,0.8521362105788597,0.9447575822547826,1.0084900827929917,0.0,6,0.7532447592979499,0.7685179888201213,0.7377353825732825,0.7704676247113422,0.7332173777981918,0.5417449064569111,1.2021621036940895,1.1918604370053991,1.3914373771314739,1.5127515053878222,1.5492753980627962,0.7124320050461957,1.4673019980596245,0.7543236618737069,0.7341939718153705,0.7661829347385111,0.7489763485926916,0.7514062712174258,0.7498493841092259,0.7387709923649066,90.0,0.05857276791017444,0.16598388606433392,0.20604996088803368,-0.07724405004183553,-0.11209903377872957,0.34838512083719797,0.0610869548995886,0.06883808524693533,0.2496988389253631,0.1266139652062314,0.0996116980604425,0.25002429639305435,0.04137587763709864,0.15595888344123443,-0.15335226585583567,-0.07753520803724977,0.0586616399509093,0.014369531999243238,0.09995606299213579,-0.02034195213639269,0.21,1.0000000000000602,7.869805196679494e-26,9.273304148789942e-27,0.9999999999999846,1.0000000000000144,1.0000000000000095,2.2189215127524705e-26,8.751458454326973e-25,1.0000000000000508,1.6895852142158786e-27,2.7788306395238476e-26,1.0000000000000147,0.9999999999999929,0.9999999999999934,9.083848879416614e-27,1.7309357004938503e-27,1.0000000000000184,2.103325656746393e-26,1.3271205764503342e-27,0.9999999999999718,521831568,2,nearest,1.0000000000000602,1.2049047756501166e-28,5.1909572789990665e-28,9.735672791489016e-27,2.75364737856716e-25,1.0000000000000093,1.0000000000000044,0.9999999999999893,1.000000000000051,1.000000000000025,1.0000000000000246,7.718510995113571e-29,0.9999999999999929,9.537084504350198e-29,1.8085190875848048e-28,2.608612511034812e-28,3.0216377655223532e-28,2.1972609015478207e-28,1.0427850368046127e-28,2.1455507976862734e-28,1,10,11,12,13,14,15,16,17,18,19,2,20,3,4,5,6,7,8,9,1.0000000000000602,6.059095783070774e-27,0.9999999999999993,0.9999999999999845,2.757245317448941e-25,1.0000000000000093,1.7851187781693027e-24,0.9999999999999896,1.1062598053418813e-24,3.791926736168129e-24,1.0000000000000246,1.0000000000000147,0.999999999999993,4.1744377470197786e-27,1.2914060545244196e-26,1.0000000000000013,1.0000000000000187,2.2399480455133126e-26,0.9999999999999993,2.6070227432681377e-27,7.724071952,0.344412348
-0.21379903981041792,0.9999562288315657,1.0672259839012885,1.0765525368676825,1.156818311299691,1.2624239540079087,1.2684039760202392,1.2690319038891098,1.3086433607499768,1.4110579335696694,1.4175561266049956,0.3372464379880743,1.4820568541963997,0.5322015031152304,0.6070625373412517,0.6804880358779122,0.7649850138689487,0.7866088468941848,0.9007452025718841,0.9830643985512989,0.0,6,0.9953279154065143,0.8023709564484882,0.7586853735251622,0.5675681275793355,0.8071002620365818,1.2240616794184591,0.7548855752439396,1.2132066322916961,1.3933340854462328,1.501725930293388,1.5436196571444216,0.7179129014902901,1.4616598996502483,0.7778900963932595,0.7527925949675343,0.7984581636581174,0.7793853292259469,0.7786479975500605,0.7761193284568962,0.7609183653648195,90.0,0.07674119477569276,0.17746198847397415,0.21401287635524238,0.3536938465896525,-0.061782754177332644,0.07295607458666517,-0.09387224231393906,0.08308167618079178,0.2537892277021747,0.1417366204279879,0.10788247759900993,0.2683449406396934,-0.05350468540360106,0.16188377856957062,-0.1448243801767752,-0.06296717057408123,0.0639190446368865,0.03077852895979343,0.11470915602166834,-0.009972108361263962,0.26,1.0000000000000107,7.464808322022102e-26,1.1207700519731303e-24,0.9999999999999956,0.9999999999999699,9.535390334745034e-25,1.0000000000000042,4.834206702758795e-22,0.999999999999986,1.7940522766313088e-27,9.440686720256637e-27,1.000000000000002,1.0000000000000302,0.9999999999999842,2.4694150487416697e-27,2.1004191973487194e-28,0.9999999999999878,3.528337554484437e-27,1.634766314650818e-26,0.9999999999999825,422201104,2,nearest,1.0000000000000107,3.1698042477156595e-27,1.118835255332365e-24,0.9999999999999957,3.6582917806232026e-27,0.9999999999999959,6.097900094518719e-22,0.9999999999999937,0.9999999999999863,1.0000000000000102,1.0000000000000306,3.811200683632098e-29,1.00000000000003,5.488780406847856e-29,2.0507530455169785e-28,7.461579244234185e-29,6.100171425248454e-29,1.3705715340286347e-28,9.690514726904776e-29,1.224614764787377e-28,1,10,11,14,12,15,13,16,17,18,19,2,20,3,4,5,6,7,8,9,1.0000000000000107,4.0386851082157444e-27,1.0000000000000033,0.9999999999999956,0.9999999999999701,1.1913400563436811e-24,6.096923224506378e-22,0.9999999999999936,7.322347129961383e-28,1.8637314840143188e-23,1.0000000000000306,1.000000000000002,1.00000000000003,9.291764572492883e-28,6.569543485159189e-27,0.9999999999999906,0.9999999999999877,4.1354492212256034e-27,1.000000000000005,9.8178515961017e-27,5.966998769,0.336745893
-0.30559135323824527,0.9456776942153617,0.9612208708428225,1.0406391696972088,1.0908347913926346,1.0999290606903105,1.1452697025385827,1.1540363316090148,1.2686724675971817,1.2730638962389451,1.2794152839289321,0.1662959171148743,1.3615443907595628,0.41273615814043035,0.4961555030619783,0.582479495852175,0.6918447219729456,0.7089815910103667,0.8443034573951266,0.875666588722827,0.0,6,0.16823627636354688,0.7884362407381803,0.8415907364019344,0.7834439551382778,1.245683936840465,1.2349224637865786,0.8507718373810285,1.3953505140112081,1.491950992805246,0.7819876203504927,1.537870251165311,0.7226983735747501,1.3720096090696168,0.8028931211517925,0.7747768444526428,0.8357209433715245,0.8185503774153976,0.811005869384531,0.8074154765610005,0.5991177723238448,90.0,0.09782063266619957,0.0031502160276752284,0.19023266010011225,0.2231374990246638,0.08539473143077667,0.09807291174360407,-0.043961361308934535,0.25730564373416903,0.15680756052471476,-0.07415442472177816,0.11612843437607208,0.28736525285644077,-0.12324582135419379,0.1673119743357218,-0.13493855737995286,-0.046474051637531766,0.07108331239707802,0.04856677492983682,0.13064729828715946,0.35589266288917043,0.31,1.0000000000000344,0.9999999999999971,6.9502651684255466e-28,1.0463966425704619e-27,1.275648172756641e-27,1.049886966890076e-26,0.9999999999999852,1.0000000000000246,9.062456468114587e-26,1.0000000000000435,3.429518859409906e-27,1.0000000000000466,0.9999999999999918,1.0000000000000195,6.95060721358367e-27,1.3341949023220574e-27,0.9999999999999956,1.7244721255260911e-25,2.1802023090017184e-26,0.9999999999999931,460826576,2,nearest,1.0000000000000344,2.0412752132702756e-27,1.5250304189668607e-27,4.817907191778916e-27,1.000000000000003,0.9999999999999921,3.598423552302042e-27,1.0000000000000249,1.0000000000000018,7.619608781684021e-25,1.000000000000034,1.2703082784634388e-28,0.999999999999992,9.649979320129344e-29,7.825671571822321e-29,2.501320043461714e-28,2.7612690018657515e-27,1.0992103959221837e-27,1.951096350078494e-26,0.9999999999999931,1,9,10,11,14,16,13,17,18,15,19,2,20,3,4,5,6,7,8,12,1.0000000000000342,6.1189644709500176e-27,6.286777680352277e-27,0.9999999999999786,6.134107287730757e-27,0.9999999999999921,0.9999999999999852,9.576358470003007e-27,6.0354695715227275e-24,4.8010552490895857e-26,1.000000000000034,1.0000000000000466,0.999999999999992,5.81439790954462e-28,1.3214517942520248e-28,1.000000000000015,0.9999999999999954,1.7261099979805563e-25,0.9999999999999827,0.999999999999993,6.381688959,0.296042347
-0.41484876884384925,0.895478211655351,0.9092385509788252,0.9103859086223447,0.9222001869907135,0.9933994879229713,1.0008414209507828,1.1171820391055678,1.1188920124810395,1.133674560186902,1.233501972597986,-0.01806807793025972,1.2620399246993776,0.28504939226912984,0.37419284971474753,0.47218911170296884,0.6086994271397393,0.618938435842043,0.6705488648401311,0.7750610961383961,0.0,6,0.22193039819264304,0.8222974078077019,0.886068039012048,1.2666034696312773,1.2564513129630657,1.3974611887749997,0.8120680490586487,1.4833571544606874,0.9018319868045527,1.531980533705068,1.2899435014256286,0.7266278871299405,0.8149480484424803,0.8287536740585829,0.8005093953798007,0.8779190424420138,0.8678096831017098,0.8486968816372731,0.6376035142391266,0.8441496598803869,90.0,0.1225015829350927,0.0195828875599394,0.20457173284285815,0.09838116253516757,0.11375532440049685,0.26030480071693207,0.23360295412559245,0.17174323304715047,-0.023337980885550856,0.12438812632901028,-0.16201845231118364,0.3069646318061837,-0.05259897948845822,0.1722683133129519,-0.12341713557709619,-0.0277743335425873,0.08088620199550232,0.06790491061296662,0.35422550469910485,0.14803912149687332,0.36,1.0000000000000635,0.9999999999999996,2.7134448556887143e-26,2.8531308597367695e-26,5.877683967517185e-28,1.0000000000000433,7.973113542603183e-25,8.423683981031498e-24,1.0,3.994075794397474e-26,1.0000000000000098,1.0000000000000522,1.0000000000000917,1.0000000000000184,4.4014709910960125e-27,3.6479732411418614e-28,1.0000000000000038,7.363782357156908e-26,1.0000000000000557,3.165483108498149e-27,772609344,2,nearest,1.0000000000000635,3.925134077119147e-26,1.4390990622147623e-23,0.9999999999999899,1.0000000000000004,1.0000000000000433,7.972878947674295e-25,1.0000000000000413,1.0648106735924866e-23,1.0000000000000597,1.0000000000000098,1.2464464409365703e-28,4.336054133894475e-22,6.965138129064215e-29,7.366973037787529e-29,2.334960611896428e-28,1.200575349762342e-27,2.614392090651445e-28,1.0000000000000557,1.7362936470933288e-27,1,10,11,13,14,16,12,17,15,19,20,2,18,3,4,5,6,7,9,8,1.0000000000000635,2.656276475665897e-27,1.7766229187833954e-26,2.73166926823255e-25,1.0000000000000002,1.2467059908871696e-24,1.0000000000000022,8.498026294369285e-24,1.0000000000000002,1.00000000000006,1.0000000000000098,1.0000000000000522,2.1796097062126575e-23,3.1673304605008052e-28,1.1756134455152236e-27,1.0000000000000029,1.0000000000000038,7.317710415101672e-26,1.0000000000000557,1.0000000000000089,10.40958708,0.46422131
-0.5422783560457335,0.7214064449414089,0.7360953563401629,0.8270668578505289,0.8315350937345761,0.8436460698827395,0.9476574161384841,0.9567677114674042,0.9806951970321992,1.0770424845473703,1.0983568668667303,-0.2154225116153013,1.1518861780416496,0.14966591005214427,0.24128423860389875,0.34929346867767147,0.4629615147677619,0.5147314548577131,0.5161340172180237,0.6926139507658575,0.0,6,0.2836213313373659,1.2864824031274849,1.2773026337836841,1.399647834585604,0.8632516663650368,0.9355319237227171,0.8445447627614542,1.4758620042490251,1.5259059024278763,0.9603211881036526,1.2385802039450264,0.7296711971646247,1.2801089679391742,0.8550233404435716,0.830433050147603,0.924845543092125,0.6839397959225366,0.9279772138494572,0.8917647286158575,0.8866274529657628,90.0,0.15137041192614123,0.11186751881817622,0.13003352831561601,0.26283881973459516,0.039848319309184504,0.22066133678411806,0.2455260915953336,0.18645637061012932,0.13271630044195054,0.00047349639083070873,-0.18136979531623224,0.32694582488078605,0.20411360844890553,0.1767750184786088,-0.10997532518724729,-0.006658578021492748,0.3479906185926318,0.09406048297760071,0.08885750761740076,0.16707499805982037,0.41,0.9999999999999907,2.2947717213846352e-27,2.0528841648333314e-27,1.0000000000000027,1.000000000000001,2.0487777740431067e-26,1.5031546717462492e-25,1.7462772347262512e-26,2.8553284035812136e-26,0.9999999999999802,0.9999999999999939,1.0000000000000069,0.9999999999999831,0.9999999999999929,1.0976028827458408e-27,4.4290071670688834e-28,1.0000000000000229,1.0000000000000229,1.4674193343694956e-25,2.969098343184916e-28,322552864,2,nearest,0.9999999999999906,1.000000000000002,1.0000000000000087,1.0000000000000027,5.028571553292734e-24,1.144972677910355e-27,6.358984413784806e-25,0.9999999999999907,0.9999999999999983,3.6030591033852437e-26,0.9999999999999939,5.560798199629835e-28,0.9999999999999831,1.9953696261865105e-29,5.85162930251739e-28,2.4107562530305794e-28,1.0000000000000229,1.1460720442594747e-27,1.5888732804103202e-27,1.145058429603718e-26,1,12,13,14,10,11,15,16,18,17,19,2,-1,3,4,5,8,6,7,9,0.9999999999999907,2.055658582474018e-26,1.0000000000000087,7.749726392060466e-28,4.097647068277171e-28,3.548410366736819e-29,1.000000000000016,6.179218822448765e-25,0.999999999999998,0.9999999999999803,0.9999999999999939,1.000000000000007,0.9999999999999831,8.546044498026145e-29,1.0286083684181125e-27,1.0,1.0000000000000229,1.0000000000000229,1.4700294778896457e-25,0.9999999999999989,5.757967863,0.505765812
-0.6886088166293769,0.5418753557230761,0.5965656591332458,0.6553429060041166,0.7528952626900381,0.7641098610939631,0.7876492886902388,0.8208380064229601,0.8809496573569402,0.9564696255050765,1.008560686265937,-0.4252448880998018,1.0191051250641228,0.0070899876893482225,0.0975175924387037,0.21346577413875667,0.25475273531120735,0.40024169358589184,0.40898033384928884,0.5242352102591954,0.0,6,0.3521858126380875,1.2970666434708535,0.9347322934650919,1.4018963228087922,0.9111766538759553,0.9893166103886649,1.46937240496107,1.5195972317851532,0.8806945057817477,1.2127616375653432,1.2822792183505571,0.7318916859116039,1.0254152218982007,0.8813640649874664,0.8649635460107861,0.9759107972359291,0.7379938736762933,0.9398001525438563,0.9984851522982428,1.3050664697858771,90.0,0.1846603378959161,0.1467785731240289,0.18778081372625885,0.26495617673986277,0.06426188371251171,0.23851548205561618,0.20086174127781936,0.14118937817105529,0.25893108415467064,-0.18961340660868176,0.21412936625500906,0.3470545135532316,0.027651964985166966,0.1808540425951794,-0.09433301064611659,0.016946827137294968,0.3368079648025951,0.1112925059692085,0.11113642611907326,0.1257827300844389,0.46,1.0000000000000009,2.7320471819099573e-28,5.540715560727416e-28,1.0000000000000218,1.0000000000000013,2.633005078961877e-27,6.971327138297365e-29,7.556366877503876e-29,9.382947648672699e-26,1.0000000000000042,0.999999999999978,0.9999999999999956,0.9999999999999833,0.9999999999999917,2.1429437305207896e-28,1.8402900027361575e-26,0.9999999999999885,7.385710225131723e-27,1.0000000000000016,1.1069359392563414e-28,314930736,2,nearest,1.0000000000000007,0.9999999999999959,7.6099650768685455e-28,1.0000000000000218,6.8592928793763585e-28,1.7199273512903623e-27,1.000000000000006,0.9999999999999927,3.388538897060631e-25,1.0000000000000044,0.999999999999978,4.7233599339976395e-28,3.2709654764414807e-26,3.143731543061332e-29,3.412864376009631e-29,1.8260804916949043e-26,0.9999999999999883,2.959812767945832e-28,9.89425500080726e-28,0.9999999999999953,1,11,9,12,13,14,16,17,15,19,20,2,18,3,4,5,6,8,7,10,1.0000000000000009,0.9999999999999961,1.0000000000000107,2.6812519351847106e-27,6.967906686716134e-28,1.802373834735017e-27,2.7676181450178173e-28,0.9999999999999927,1.000000000000024,1.0000000000000044,0.9999999999999781,0.9999999999999954,0.9999999999999836,1.6199381948229918e-28,3.605030781171859e-28,0.9999999999999912,0.9999999999999885,7.686069014794623e-27,1.0000000000000018,3.154684342262772e-26,5.629368212,0.464061889
-0.8544064843531659,0.3398146342958541,0.47850401180005536,0.48659863759937577,0.610085880228517,0.6544563947584642,0.6587075039080775,0.6703900106377298,0.8006468431855049,0.8081273339408993,0.8570079035002789,-0.646918304672157,0.8744064666849609,-0.14220010617807424,-0.05703854438852932,0.047654651790932236,0.06443982122852616,0.27103171899892153,0.2904851489434632,0.31921926593669886,0.0,6,0.42444947566800545,1.3154264262963602,1.4041949523964115,0.9875525033957763,1.4637879316295879,1.5129977493260793,0.9643147074590869,1.0461436363982521,0.9201004628170886,1.2050677377474996,1.2853667789521153,0.7334079963837061,1.5098895155894179,0.9075305198773391,0.9043427507368511,0.797788393931885,1.0299484142839965,0.9916541989705419,1.076407447201683,1.3221806898836572,90.0,0.22191484576406303,0.16383655808025968,0.2667024655037594,0.20991482851859225,0.21488189680664163,0.14990946166981417,0.09266009165455417,0.2579025036730817,0.2737252955615549,-0.19099030142940202,0.22383193921175432,0.36700861163778353,0.2260564151986016,0.18452841375065127,-0.07623954145329512,0.3209765971894008,0.0429072809263064,0.13478293952384884,0.13210775359831897,0.14003691616008437,0.51,1.0000000000000335,3.81605453999238e-27,1.0000000000000238,3.110323242295734e-25,2.3075166783474144e-26,1.2957524916821687e-24,0.9999999999999933,5.484444509984288e-27,1.654152340285031e-28,0.9999999999999798,1.0000000000000004,1.000000000000044,6.148077789413603e-24,0.9999999999999866,3.1200527322259874e-28,1.0000000000000122,1.5312783950191143e-26,3.4260722151814306e-27,1.0000000000000275,3.7540596254545324e-27,497998864,2,nearest,1.0000000000000338,0.9999999999999758,1.0000000000000235,3.10832542057432e-25,1.0000000000000042,1.0000000000000069,6.044862201472044e-25,5.774155168115209e-26,7.29458166957973e-28,0.9999999999999801,1.0000000000000004,4.136843273167455e-28,1.0000000000000495,6.862696472325584e-28,1.667274764959288e-28,1.0000000000000122,1.5433105229116632e-26,1.1630841461076337e-26,1.0896465780463084e-26,1.0000000000000018,1,10,12,11,15,16,13,14,17,18,19,2,-1,3,4,6,5,7,8,9,1.0000000000000335,0.9999999999999759,2.6688335080884226e-25,1.0000000000000184,9.156940231922043e-27,1.0000000000000069,5.6935389338162795e-25,5.103505119597017e-26,1.0000000000000469,0.9999999999999799,1.0000000000000004,1.000000000000044,1.0000000000000493,7.080920255852777e-28,2.6438472941767994e-28,1.000000000000012,1.0000000000000064,7.759630294206483e-27,1.0000000000000278,3.4216718504444946e-25,7.610524541,0.379259053
-1.0398117321539495,0.1585225456103603,0.2968001394653135,0.3625742764638633,0.4243734006129756,0.48188836798040025,0.5484198795895231,0.5624219593631773,0.6535638347930394,0.6975516925976867,0.7067748807774324,-0.8797471305156639,0.7127872202220804,-0.29775624742829326,-0.22232579827327079,-0.15700392118675435,-0.09791146849592862,0.10671197932295641,0.12847293688469996,0.13020299731210963,0.0,6,0.49523504226615656,1.1560847434350032,1.4065334865138996,1.043128463222065,1.4590045407664076,1.5060430925285946,1.0189273065961433,1.1040582288600949,1.2105814502297358,1.2900223356419327,0.9621287448764139,0.7343601201627118,1.503722586481688,0.9333536966277545,0.9484631234962116,0.8593677346722742,1.0851637588564649,1.3377232693958134,1.0453092286942551,1.3321639777699508,90.0,0.26176311594033186,0.15609127074776954,0.2681210056520783,0.23289976401839083,0.228451956709694,0.15900627925608737,0.12412890102962071,0.27830839645752314,-0.18748296114276528,0.23284101781952576,0.28969875598334915,0.386530887402635,0.23027880791205985,0.18782284962425014,-0.05551558690991654,0.30171900989911926,0.07082661277891336,0.1545269686556571,0.15855908468824284,0.18103949385636292,0.56,1.0000000000000135,1.000000000000014,0.9999999999999898,2.1304637044811603e-28,2.524986601728997e-28,4.1287007627004705e-28,0.9999999999999994,8.647025842946388e-25,1.0000000000000155,0.9999999999999942,2.6053758420540933e-26,1.0000000000000193,1.7148742151296385e-27,0.9999999999999861,1.974142904243048e-27,1.0000000000000338,3.9748401453733187e-28,5.022215160355529e-27,8.418355342713271e-29,2.2869570680422895e-28,543817744,2,nearest,1.0000000000000133,1.2548527123970151e-27,0.9999999999999897,5.981136803331665e-28,1.0000000000000155,1.0000000000000038,3.579359861070595e-28,6.266791552297979e-28,1.0000000000000155,0.9999999999999942,2.8375435531893973e-25,2.8041403595670377e-27,1.0000000000000406,4.3083531001988335e-28,2.7695774167606167e-28,1.0000000000000335,4.533512407385305e-28,1.0000000000000102,5.737531491883933e-25,1.0000000000000435,1,8,11,12,13,14,15,16,18,19,17,2,20,3,4,5,6,9,7,10,1.000000000000013,1.000000000000014,5.253397627903951e-28,1.0000000000000027,2.3134270491979477e-28,1.000000000000004,2.8459620862605735e-28,5.834909063452344e-28,1.0000000000000155,0.9999999999999941,1.0000000000000717,1.0000000000000193,1.0000000000000404,5.682910820381415e-28,1.013344218050877e-27,1.0000000000000338,1.0000000000000222,5.496691883686635e-27,5.667335485957485e-25,1.000000000000044,8.047517263,0.379746874
-1.2443002406223151,0.012880911466420831,0.1104566358253481,0.2246388283429059,0.23083947550718353,0.30344811400952865,0.4219999137571777,0.44039090201335557,0.49296992982781546,0.5305753212609314,0.5431086458059157,-1.1229807034572918,0.5799740964576579,-0.45916316042209504,-0.39827774343631084,-0.3585622607648278,-0.27350071592380654,-0.11292940113792245,-0.08665432842860736,-0.0271704869032896,0.0,6,0.5588168058807145,1.2302687475999048,1.4089026279727432,1.0985842798538916,1.4549180333060319,1.4986648230215898,1.0700204126048702,1.1607144833360503,1.2271592316755102,1.2983715589807958,1.4948704448582038,0.734884548904322,1.5247320237829352,0.9587257346973644,0.9967009048768414,0.9179354442675621,1.1393180004323864,1.3516573477665614,1.3471585425191965,1.0980892467687722,90.0,0.30209582050665934,0.18127827344252256,0.26925331910021855,0.2558727734389077,0.24152264252761757,0.1686366120455939,0.15695935932238764,0.29899935903777736,-0.1797615865548034,0.2404814749325317,0.23352233517906637,0.40537748694100467,0.28028219207683364,0.19076390232100476,-0.03211122607075284,0.2810208975674696,0.10004958326463473,0.1691427305654531,0.1982169176976441,0.1815889035465663,0.61,1.0000000000000266,1.0000000000000286,0.9999999999999929,3.3377290382604103e-28,1.2305844935458907e-28,4.153629999900619e-28,1.0000000000000198,4.339428313495544e-28,1.0000000000000158,0.9999999999999984,3.799181852935592e-28,1.0000000000000144,1.178649157923325e-25,1.000000000000007,1.6713139938706746e-26,1.000000000000019,3.4652872303370657e-28,8.514959988723735e-29,3.5238046857673275e-28,1.0101881581324107e-26,482778896,2,nearest,1.0000000000000269,4.795321515523156e-28,0.9999999999999931,2.528592031530612e-25,1.0000000000000093,0.9999999999999887,1.001722598945982e-27,4.695232523391511e-28,1.0000000000000158,0.9999999999999986,0.999999999999993,4.3704238770163426e-27,0.9999999999999942,1.956140836110379e-28,7.685220546512214e-27,1.000000000000019,5.61054810998011e-28,1.0000000000000402,0.9999999999999815,1.0443010068543878e-26,1,10,11,12,13,14,15,16,17,18,20,2,-1,3,4,5,6,7,9,8,1.0000000000000269,1.0000000000000289,1.2732322862344016e-28,1.000000000000004,3.5627829347993195e-25,0.9999999999999887,9.797683257724077e-28,4.879875070769713e-28,1.0000000000000158,0.9999999999999986,0.9999999999999933,1.0000000000000144,1.578928274588946e-24,2.7391346041053023e-28,8.536091292073552e-27,1.0000000000000193,0.9999999999999899,8.278700769841908e-27,0.9999999999999815,1.6827339880689132e-26,6.355776658,0.347685099
-1.466618924763855,-0.14596785569824322,-0.0803238912953039,0.029836552249130288,0.07328708930314798,0.11941779268248749,0.28006756471364297,0.30475291755747136,0.326491960183277,0.3565134542976127,0.3658145652357915,-1.3758407892854518,0.4096565296449361,-0.6260398489837721,-0.5847924937376154,-0.5571169139951114,-0.46197843777919395,-0.33934653228821354,-0.31043831582243997,-0.19529333013905398,0.0,6,0.6110767790313182,1.2927023694967126,1.411293752823028,1.4514271847417424,1.1507733057487735,1.4907982107738402,1.1131016174255666,1.2142279139860357,1.2562232802166289,1.3152239623756072,1.4837128593499735,0.7350998413947263,1.5167722953229161,0.9835863456395839,1.0478237403847934,0.9697550155476393,1.1901330620257438,1.3640008523682174,1.3603775259968443,1.147232292988011,90.0,0.3406867515351131,0.20541195192603615,0.2701394914121945,0.25406121243648194,0.27789697510911904,0.1789806863607496,0.1890121374547715,0.3191948989603951,-0.16720672475236492,0.24532872989149937,0.23565223152410075,0.4233569292261107,0.2964197112183857,0.19337985045507333,-0.006169257173042836,0.26101902822458645,0.12974261801176332,0.1837731252818043,0.21520667654206843,0.2028190058717015,0.66,1.0000000000000202,1.0000000000000118,1.0000000000000036,2.7709848631536007e-27,1.0673811900585163e-28,7.507679368509767e-29,1.0000000000000058,1.7912516663433786e-26,0.999999999999975,0.9999999999999818,1.5011006135345218e-28,1.0000000000000115,9.007830113395717e-25,0.9999999999999851,1.297711872718574e-25,1.0000000000000062,1.973788533133281e-27,3.209469807683998e-28,3.378913124191187e-28,2.0782294029014674e-27,421742416,2,nearest,1.0000000000000202,2.140587741891315e-27,1.0000000000000033,0.9999999999999951,1.1974070364936603e-26,1.0000000000000233,1.4467308539909969e-27,5.367094623517173e-27,0.999999999999975,0.9999999999999818,1.0000000000000104,1.2242548671830249e-26,1.0000000000000144,1.0636928295181722e-26,1.293195670907017e-25,1.0000000000000062,4.332661111047229e-27,0.9999999999999786,1.0000000000000113,2.252535407637899e-28,1,10,11,13,12,14,15,16,17,18,19,2,20,3,4,5,6,7,8,9,1.0000000000000202,1.000000000000012,1.4065867570716849e-27,6.47782684934758e-28,0.9999999999999857,1.0000000000000233,1.48317251686821e-27,5.379352098115915e-27,0.999999999999975,0.9999999999999819,1.0000000000000104,1.0000000000000113,3.3587097801108947e-25,1.2072468448517839e-26,1.3082646745888935e-25,1.000000000000006,0.9999999999999738,1.090585410326076e-25,1.0000000000000115,2.1579043543287896e-27,6.050651783,0.353956484
-1.7049576716755774,-0.31692079174156307,-0.27535964769713633,-0.1782658627054059,-0.09066148334858497,-0.06995986100752903,0.12384565998845938,0.15420692840369077,0.15614261567498133,0.17586421431710103,0.18139251271604642,-1.6375483723383852,0.23215410861362998,-0.7980399919088581,-0.7816996383017392,-0.7533714218848383,-0.6627323688046738,-0.5721829557021375,-0.5408192064593649,-0.37499142218422904,0.0,6,0.6507421976353954,1.3404113297174785,1.4136987958573237,1.4484365301420579,1.1971784682514242,1.4823956144764585,1.1458347789706265,1.3077400185993877,1.2651897354875203,1.3533532842059046,1.470722095879317,0.7351010613983869,1.5089863998502298,1.0079111012059567,1.100046029702982,1.0133657165574852,1.2357595107390267,1.3748153008503383,1.3718618246053016,1.1905882924286877,90.0,0.3758758062566904,0.22657847572606302,0.27081842844384385,0.26605045632610425,0.2982494550228354,0.1902346648054967,0.2183546811805372,-0.14607569300035367,0.33818828319548444,0.2431398826938088,0.2365046146263979,0.44033779808988516,0.3118298433637995,0.19570049743133455,0.021929744163415473,0.24332159871972245,0.1590357764891217,0.19831164233260334,0.2318635946487869,0.22149431903686184,0.71,1.000000000000032,1.0000000000000264,0.9999999999999938,2.086321390155805e-27,7.995382608326946e-29,5.351697092265475e-29,1.0000000000000322,1.0000000000000266,6.451053847189297e-27,0.9999999999999821,4.701325957485461e-28,1.0000000000000044,2.933021823466654e-26,0.9999999999999725,1.5824327891603903e-26,1.0000000000000333,3.0604798671862014e-27,2.0892488036712735e-28,1.68569401720799e-28,1.2077830237483013e-27,406473760,2,nearest,1.000000000000032,2.21793175287434e-27,0.9999999999999938,1.0000000000000038,3.2786495063035266e-27,1.0000000000000149,3.461285584858414e-28,1.0000000000000266,1.3422004872553443e-26,0.9999999999999823,0.9999999999999968,2.0269231296463794e-27,1.0000000000000113,5.282207399843566e-27,5.054259147557722e-27,1.000000000000033,6.34498343364432e-27,0.9999999999999875,0.9999999999999871,3.58727070695053e-27,1,10,11,12,13,14,15,17,16,18,19,2,20,3,4,5,6,7,8,9,1.000000000000032,1.0000000000000264,7.078146916732859e-28,7.218200542288699e-28,1.0000000000000029,1.0000000000000149,3.5184621561015973e-28,1.0000000000000266,1.337403352349836e-26,0.9999999999999823,0.9999999999999967,1.0000000000000044,3.531542055392865e-25,5.447614566471782e-27,9.05284448879989e-27,1.0000000000000333,1.0000000000000087,7.912151619850308e-27,0.9999999999999875,4.219296507284446e-27,5.911455222,0.366713092
-1.9572592690755344,-0.49849834376116237,-0.4744877039951715,-0.3930889879770279,-0.26617438242693625,-0.2644875173881346,-0.045058407205865667,-0.024017818364935634,-0.010682462288259408,-0.009628621899374964,-0.004966334749742643,-1.907346408297154,0.04780617652832935,-0.9887293019073488,-0.9748515607388092,-0.9483426500075224,-0.8749356894928423,-0.8110870812825975,-0.7774605828658036,-0.5651868261493805,0.0,6,0.6789901399015112,1.3740154101263642,1.4161102235071212,1.445858679204463,1.2365320976812173,1.473446532578829,1.168420339414582,1.424728772674074,1.4520267349368885,1.4564774675849033,1.324122391406746,0.7349601346539739,1.5014722267636718,1.1512659164952164,1.0317016457253894,1.0493704205288514,1.2750968367272946,1.3841943637062333,1.3817080924267553,1.2270976554246371,90.0,0.40687342529343223,0.2437575863591289,0.271328013817255,0.2774863021290436,0.3166052454413204,0.20259776617322062,0.24376491672021666,-0.09716237894148096,0.21439246389968342,0.2359009380659977,0.3545023473725041,0.45624670144643636,0.3265501193216771,0.0515694357898077,0.19775697965912128,0.2287022047623511,0.18717172233503374,0.21266074513701788,0.2480652966360685,0.23738775270022067,0.76,1.0000000000000058,1.0000000000000255,1.0000000000000029,1.3129773173107321e-27,5.0189734350731366e-29,2.1384909804893663e-28,1.00000000000002,0.9999999999999952,1.0000000000000144,1.954307366559815e-27,1.9423542749529702e-28,1.0000000000000218,4.3011962929835244e-27,9.447067865422776e-26,0.9999999999999822,1.0000000000000129,4.345483437240698e-28,3.0896723429112454e-27,6.723402176556396e-29,8.714078033814042e-27,398843296,2,nearest,1.000000000000006,2.828922761159594e-27,1.0000000000000027,1.0000000000000153,7.819074822342612e-24,1.0000000000000397,1.0606507117891768e-27,0.9999999999999952,1.0000000000000147,1.0000000000000124,5.630134811817478e-25,1.9278580229418498e-26,1.0000000000000089,5.028602600880353e-27,9.312647367569171e-28,1.0000000000000129,2.274591715226987e-27,1.0000000000000007,1.0000000000000029,3.932367684413503e-27,1,10,11,12,13,14,15,16,18,19,17,2,20,4,3,5,6,7,8,9,1.000000000000006,1.0000000000000258,4.559911855016906e-27,1.6438258891092156e-27,1.000000000000042,1.0000000000000397,1.0668760186341035e-27,0.9999999999999951,1.0000000000000144,1.0000000000000124,5.627227744494728e-25,1.0000000000000213,2.6786541176162046e-25,7.315316715292392e-27,9.747809375884225e-28,1.0000000000000129,0.9999999999999978,5.779895105702516e-26,1.0000000000000029,5.764477805386103e-27,5.761635061,0.366430838
-2.2215078495276552,-0.6891500352094113,-0.6775620401562125,-0.6142519241995956,-0.4640171137706267,-0.45215208834918974,-0.2249240980865342,-0.20949938745243502,-0.20668239707383293,-0.201278814929961,-0.17984399339149618,-2.1845167801079426,-0.14304085612813872,-1.2054932902551778,-1.1561959000140718,-1.1430830081788639,-1.09762696414857,-1.0557149960749306,-1.020023917589463,-0.7647860706840145,0.0,6,0.6981935097371184,1.3963146729434357,1.418521053266316,1.4436160547012578,1.4640045505284185,1.2688338321542656,1.1827470646498968,1.646978452766392,1.441681496897658,1.573945907003004,1.4510805064801284,0.7347292127225413,1.4943247875303518,1.1994327170556374,1.054977705703931,1.0794147736219755,1.3078515983761525,1.392253047250862,1.39005060135305,1.2568636018407862,90.0,0.4336348879473115,0.256840530133193,0.27170516975510145,0.28837474644843286,0.2162520039686049,0.33301535099782276,0.26483676050682026,0.08197929645042734,0.23366941628243726,0.056438317330217966,0.35386618386554924,0.4710598642777031,0.3406202200477268,0.08196323565762094,0.19958164315910928,0.2172208380668294,0.21360518553357455,0.22673497405922208,0.2637150615504239,0.25081428149395235,0.81,1.000000000000005,1.000000000000043,1.0000000000000033,1.4875870564495366e-26,1.0063215071016634e-28,1.0530522712722753e-28,0.9999999999999974,0.9999999999999974,2.9038694070844534e-27,1.0000000000000167,1.1588089363784672e-28,1.0000000000000757,3.4420965686163146e-26,7.114697061143044e-26,1.0000000000000053,1.0000000000000229,1.2986292932994428e-26,1.243224756956893e-27,1.770764702115756e-27,7.05101133418842e-27,398838416,2,nearest,1.0000000000000053,1.34929507865525e-26,1.0000000000000036,1.000000000000003,0.999999999999996,1.7022624983795472e-25,3.9408533011479176e-28,0.9999999999999972,1.000000000000008,1.0000000000000167,9.195159819287799e-27,3.041592206040454e-25,1.0000000000000182,3.022981283873089e-26,1.6617355792420016e-25,1.000000000000023,3.4566559356226767e-26,1.0000000000000147,1.0000000000000169,4.0206173087397085e-28,1,10,11,12,14,13,15,16,18,17,19,2,20,3,4,5,6,7,8,9,1.0000000000000053,1.000000000000043,1.1093042167903555e-26,5.405578449133608e-27,0.999999999999996,1.0000000000000382,3.99069247474557e-28,0.9999999999999973,1.000000000000008,1.0000000000000167,1.310520215887683e-28,1.0000000000000757,3.863361234253561e-26,3.0457010511649515e-26,1.6594317764857831e-25,1.0000000000000229,0.9999999999999889,7.708531829070792e-26,1.0000000000000169,6.992660279105354e-27,6.625178158,0.566290956
-2.4959045237101884,-0.8874746434051418,-0.8844515964645353,-0.841377785687773,-0.6684506606145227,-0.6475454006717607,-0.41412827316246237,-0.4091708709513395,-0.4050098652592856,-0.39265338185021337,-0.37840013143739587,-2.4683911857156504,-0.3401851179648395,-1.4314858889836817,-1.3418264720263038,-1.3385103697403626,-1.329796035692526,-1.3057329530513686,-1.2681731042012816,-0.9728093940045175,0.0,6,0.7108378503898513,1.4106206052360415,1.4209248922555127,1.4416419294000433,1.4542188812393837,1.2949179530405517,1.1912356030107023,1.4271695813433005,1.4250009522243914,1.328019068329121,1.5173612288578533,0.7344449441534273,1.5979158231133093,1.2429139998970313,1.0777706471095287,1.1052741438575184,1.3343744258480104,1.39911816776863,1.3970447547799425,1.2808722056663349,90.0,0.45655197947828485,0.2663033141424928,0.2719858228046738,0.298728761218843,0.23133275170397577,0.3477461592380673,0.28177150746945256,0.22967647154304904,0.25979043603957963,-0.09929719230189099,0.26217168280411685,0.4847918869806409,0.28690108137710957,0.11227072428426003,0.2012080133271108,0.20852613885250343,0.23802963793748275,0.24046272169933447,0.27874206844150656,0.2624438231486646,0.86,1.0000000000000093,1.000000000000028,1.000000000000015,1.893083748446096e-26,2.0670929055910427e-28,1.0792025480571652e-28,1.0000000000000036,1.8200831765745257e-25,1.0000000000000189,0.9999999999999923,6.49689817802888e-27,1.000000000000022,2.2683060543120524e-26,4.35806207089348e-27,0.9999999999999766,1.0000000000000282,1.939202331902353e-24,1.2768754061320836e-25,2.03281135258095e-28,5.184110372224676e-28,415104528,2,nearest,1.0000000000000093,7.62697819523875e-26,1.0000000000000149,1.000000000000032,1.0000000000000033,2.624902073056665e-25,9.068622195685615e-26,1.0000000000000084,1.000000000000019,0.9999999999999923,9.092060620235346e-27,1.866526487291859e-24,1.3957079147197337e-23,3.051377215042314e-26,8.67505979223942e-25,1.000000000000028,9.56275738907713e-25,1.0000000000000093,1.00000000000001,4.254366877455749e-27,1,10,11,12,13,14,15,17,16,18,19,2,19,3,4,5,6,7,8,9,1.0000000000000093,1.0000000000000282,5.506513201956637e-26,4.336535759312069e-27,1.0000000000000033,1.0000000000000175,9.014196120752493e-26,1.0000000000000089,1.0000000000000189,0.9999999999999923,7.283630545475355e-27,1.000000000000022,2.3272031490529518e-26,3.8821940557705484e-27,2.0064578516683283e-24,1.000000000000028,0.9999999999999843,1.0938374894078495e-25,1.0000000000000098,7.052293233159405e-28,6.121040438,0.45540743
-2.7789307885234447,-1.0950383429504758,-1.0923174868889807,-1.074098639187658,-0.8777367663761396,-0.8514157378008258,-0.6164740347379132,-0.6112536796874699,-0.6076962629308382,-0.5987222419049396,-0.5871914716090755,-2.7583566867879763,-0.5428612860717313,-1.66610519390905,-1.5704550842091518,-1.560819441527383,-1.535346069794959,-1.5315274215692818,-1.5215785826342587,-1.1884546763638035,0.0,6,0.7189835330888789,1.423315975416249,1.4197643605628787,1.4398807127849271,1.4443587879106714,1.3159361935351792,1.4139060094370886,1.1960619331758349,1.2873506649771969,1.3777762759760115,1.2634804643946262,0.7341324825200141,1.481452384137351,1.2807247370655213,1.3554037881619103,1.4049204963187851,1.1284003650881334,1.1001182707176793,1.4028535214631657,1.300537410479234,90.0,0.4761821272868845,0.2722047770499091,0.2728514285848981,0.308565627293672,0.24789039803853105,0.3611137309101361,0.22386793672804303,0.2950868574543778,0.29438962957708775,0.20490242673866113,-0.11103161432260604,0.4974843674302452,0.36698194903940223,0.1417251771574442,0.26034569237490407,0.2537868170094415,0.20212010892484994,0.20267085879148355,0.2930996742318347,0.2730341243884743,0.91,1.0000000000000187,0.9999999999999929,1.0000000000000144,5.686183668691709e-26,2.4389976815719955e-28,5.815568874950808e-28,5.225377042031468e-26,1.0000000000000073,1.0000000000000027,4.5685202996451304e-26,0.9999999999999862,1.0000000000000353,4.118088118334919e-27,1.2811532509096774e-27,9.018100096305563e-26,3.0750808813549855e-26,1.0000000000000184,1.0000000000000029,2.959554075330018e-24,8.196388064762753e-28,384586160,2,nearest,1.0000000000000187,0.9999999999999928,1.13830668764986e-23,1.0000000000000033,0.9999999999999847,3.785213533956568e-25,0.999999999999995,2.2128580196052617e-25,1.0000000000000027,1.679745739995242e-26,0.9999999999999865,1.2817281907654901e-24,1.0000000000000115,3.896630991774251e-27,7.7426206783359615e-25,1.0000000000000004,1.0000000000000184,8.860272623721435e-24,1.000000000000014,1.2407460021733704e-27,1,11,10,12,13,14,16,15,17,19,18,2,-1,3,6,7,5,4,8,9,1.0000000000000187,1.1320984648128765e-23,1.0000000000000144,5.686324030466056e-26,0.9999999999999849,1.0000000000000226,0.9999999999999949,2.212398738550081e-25,1.0000000000000027,1.2887008162873355e-26,0.9999999999999862,1.0000000000000355,1.5472545231681908e-26,7.009053794791978e-27,1.0000000000000102,1.1617606936484328e-24,1.0000000000000184,8.944787899724527e-24,1.0000000000000142,1.1787322964671642e-27,5.895709077,0.531708289
-3.0693415905188632,-1.3120592540180835,-1.3092153804226745,-1.3027779623823506,-1.091861564385768,-1.062947433221921,-0.8279638489307678,-0.8246264295688123,-0.8154343279535027,-0.8151145426287899,-0.7865779556128354,-3.053857112149057,-0.751175295993094,-1.9086885538783225,-1.820666790420076,-1.818685662407206,-1.7799208099301416,-1.7341202049113007,-1.7251120688344994,-1.4110967298027723,0.0,6,0.7241454605065154,1.4382875419825942,1.4256891888786074,1.4258026122682117,1.4348188807259583,1.3329970602730015,1.4029381985048015,1.3510273149813512,1.2427022767315787,1.1988621425095176,1.262693766443856,0.7338087603368202,1.4758397004056498,1.312558071863466,1.4097887006270067,1.371830226099625,1.4076372301523523,1.1498246602762476,1.1220605292666093,1.3172504432742218,90.0,0.4930866528743306,0.3179049089618091,0.2723955004186872,0.2771907541965641,0.26584823918433276,0.37338702471088714,0.21631434788602716,0.18807408704727843,0.3053253327833678,0.3053932062775319,-0.09840519710324729,0.5091959705481064,0.37935943613722584,0.16972860597453876,0.26666415240264085,0.28060237816371375,0.3067624422133125,0.1975144137093504,0.2040063332699388,0.28320998976067185,0.96,1.0000000000000235,1.4101894478479743e-24,0.9999999999999978,0.9999999999999948,2.2687146596090536e-28,2.732139626547288e-28,5.211325457157218e-26,1.7590651553342298e-25,1.000000000000021,0.9999999999999971,0.9999999999999926,1.0000000000000127,9.166070680602394e-26,4.455424762930054e-27,3.2219421300038497e-28,4.363781312456332e-27,6.426800491029007e-26,1.0000000000000042,1.0000000000000049,2.9607921925207626e-27,354085536,2,nearest,1.0000000000000235,0.9999999999999855,0.9999999999999978,3.694466283020026e-25,0.9999999999999906,6.813814773080105e-26,1.000000000000026,1.374561472802722e-25,1.000000000000021,1.1430064811128221e-25,0.9999999999999927,1.4306726854487947e-24,1.0000000000000095,1.0891213390684208e-26,0.9999999999999911,2.170226850592228e-23,1.0000000000000022,1.000000000000004,1.6222365115673697e-25,5.693237655065721e-28,1,12,10,11,13,14,15,18,17,16,19,2,20,3,5,4,8,6,7,9,1.0000000000000233,1.4295981070108938e-25,2.7818146291573625e-25,0.9999999999999949,0.9999999999999902,1.0000000000000375,1.0000000000000258,1.317467723124428e-25,1.000000000000021,1.089179043317611e-25,0.9999999999999926,1.0000000000000127,9.162911908974566e-25,1.0274001170082017e-26,2.2029905382620517e-23,0.9999999999999911,1.0000000000000024,1.000000000000004,1.650583468838565e-25,3.082400031441239e-27,6.576323364,0.503694393
-3.366127726437004,-1.5549197732406272,-1.5268850888931482,-1.5181736993778774,-1.3108332518292487,-1.2814347528333212,-1.052322614698528,-1.0430235804435084,-1.0275463816029131,-1.0247361265565982,-0.9910729089593981,-3.354391571025692,-0.9646774979175585,-2.158552032937661,-2.0849822996180833,-2.073662579031003,-2.0428929610394504,-1.9352055674411386,-1.922421394101635,-1.640246069594043,0.0,6,0.727365902165073,1.4368273215672893,1.42804006800895,1.4300938577869975,1.4260812135445102,1.347003198307493,1.3621170139234735,1.3952848206215218,1.2258333801393513,1.2007335866281252,1.2691988171705144,0.7334849616550889,1.4708112613124127,1.3386559881790188,1.4138450245155205,1.384533983318713,1.411546684666497,1.1702218161958127,1.1436358696388447,1.3320630909633522,90.0,0.507759535139493,0.32676708726765746,0.27258983431159195,0.279925870770872,0.28496900695190563,0.3847589939335686,0.18013036574956165,0.2072473545066608,0.3115230602936935,0.3132684605205895,-0.08045078166598607,0.519994586228506,0.39125138032423956,0.1958916278328144,0.27906462494284634,0.2989376373747891,0.3197225696099917,0.1942972086041917,0.2052521658957628,0.2933528477325146,1.01,1.0000000000000624,3.1939301722975173e-25,0.9999999999999943,0.9999999999999939,2.265910505610026e-28,2.6864854572155885e-28,3.4237179584174116e-27,4.458050190630243e-28,1.0000000000000002,0.9999999999999896,0.9999999999999878,1.0000000000000238,1.4518919633049009e-25,4.767924614962372e-28,3.0691003296172787e-28,3.9335539851554895e-28,5.52687582814705e-28,1.0000000000000198,0.9999999999999752,2.8200051728421e-27,337842128,2,nearest,1.0000000000000624,1.000000000000003,0.9999999999999944,2.291262056668745e-25,1.000000000000002,4.60462301473873e-26,9.540477060732903e-26,0.9999999999999949,1.0000000000000002,1.317611950249622e-27,0.9999999999999877,7.31559630680763e-25,0.9999999999999948,8.192094241542291e-27,0.9999999999999822,1.454964902474295e-25,0.9999999999999987,1.0000000000000195,4.270238778595774e-25,9.388895536764154e-27,1,10,11,12,13,14,16,15,17,18,19,2,20,3,4,5,6,7,8,9,1.0000000000000622,4.6819181303242775e-26,1.3750141708990485e-25,0.999999999999994,1.000000000000002,1.000000000000032,9.539721851338318e-26,0.9999999999999952,1.0000000000000004,1.2363075869686318e-27,0.9999999999999878,1.0000000000000238,3.872626159066349e-25,1.2238116912662607e-26,3.341133389067307e-26,1.0000000000000036,0.9999999999999984,1.0000000000000195,4.28539220430452e-25,2.9198453811591344e-27,6.123549696,0.501188335
-3.668471475983377,-1.8023574648197527,-1.7479573426698136,-1.737993065805709,-1.5346609701578435,-1.5062617295918306,-1.2809871864644893,-1.261071657671346,-1.2436018536233706,-1.2393171978002482,-1.200702294652707,-3.659511165666575,-1.183078711104519,-2.4150250054152522,-2.35348892863023,-2.3346605128654416,-2.3102028511433126,-2.1388571351471994,-2.123322537426614,-1.8754954779888555,0.0,6,0.7293361041332026,1.435473406981793,1.4303647635409493,1.4334831064328242,1.4186302166951699,1.3586258541970977,1.3853913097457962,1.3917548033776854,1.2193171033153767,1.202348555983642,1.2736026289259819,0.7331683044030355,1.4663636351719391,1.3596096129943165,1.4172024958211573,1.3942981813644022,1.4147190475316869,1.190010702996011,1.1648779471836956,1.3455681793172185,90.0,0.5206085139955062,0.3351727484035983,0.2728176424518944,0.281536076400558,0.3048482427670979,0.3953552117327112,0.17548086431243234,0.19706864801151444,0.3160100887840417,0.3192059983753211,-0.060336382534974656,0.5299516016180718,0.40268491237890025,0.22002282716132365,0.2909696525834887,0.315531502291443,0.3319862155826735,0.1921486866562066,0.20644785798116935,0.3035977677553859,1.06,1.000000000000018,2.6993735492918345e-26,0.9999999999999988,1.0000000000000198,4.6995772130959574e-29,3.889068855300033e-28,1.9678874837836784e-27,2.880759788495762e-28,1.0000000000000218,1.0000000000000084,0.999999999999989,1.0000000000000269,1.722965401197119e-25,8.497202914636485e-28,5.4951634656827695e-28,2.9340695293564008e-27,2.1536025972050063e-27,0.9999999999999984,0.9999999999999959,5.594518339653818e-28,354113616,2,nearest,1.000000000000018,0.9999999999999828,0.9999999999999991,1.6688846246985418e-24,1.0000000000000027,2.3423645127616738e-26,5.1184340030492125e-26,1.0000000000000124,1.0000000000000218,4.2557633568989125e-26,0.9999999999999891,3.788828604805831e-24,1.0000000000000269,8.418811824733411e-27,0.9999999999999976,1.4595486257427996e-25,0.9999999999999964,0.9999999999999988,2.2573413404884507e-25,2.9148064286203475e-27,1,10,11,12,13,14,15,16,17,18,19,2,20,3,4,5,6,7,8,9,1.000000000000018,6.02088225148622e-27,2.1472978297982295e-24,1.00000000000002,1.0000000000000024,1.0000000000000522,5.0809084146711147e-26,1.0000000000000124,1.0000000000000215,7.5372115782770005e-28,0.9999999999999891,1.0000000000000269,1.298517805066822e-25,2.0496775685131244e-26,6.69441169236392e-26,1.0000000000000087,0.9999999999999961,0.9999999999999986,2.2644705879389646e-25,2.8249540424271975e-28,5.920781217,0.390275478
-3.975706202594993,-2.054067722682744,-1.9723478149155858,-1.9618512189430881,-1.7633311253149773,-1.7368838429096551,-1.5103617455030716,-1.4815869584182804,-1.4632339646565038,-1.4581913501718726,-1.4154313006564123,-3.968814742426223,-1.4061069889275266,-2.6774750687435116,-2.6259255939809893,-2.6010499934378886,-2.581574143417116,-2.3452469681894255,-2.3277073000394117,-2.116474686748879,0.0,6,0.7305057516048191,1.4342061306032812,1.43265997349888,1.4364739630758894,1.4128357489815229,1.3683439682665273,1.4126854531421893,1.392744444081685,1.217453150191982,1.204080633457968,1.2737121956555228,0.7328632910380343,1.4624727547161127,1.3761692735760582,1.4199633873110404,1.4017769505471434,1.4172759032865268,1.2094407091078039,1.1858125190454132,1.3579586192918245,90.0,0.5319599949599851,0.3431421744200881,0.2731064208021069,0.2823863038985871,0.32495010861697715,0.40525429953474373,0.17308986189935416,0.18631567730808798,0.3195306046837416,0.3236033233187185,-0.038991923982622176,0.539138000162997,0.4136764559767103,0.24208810252944568,0.302370487199434,0.3305748472860326,0.3435700655487245,0.190833736576991,0.2076348308802623,0.3138976669735095,1.11,1.0000000000000224,5.231552960102733e-27,1.0000000000000007,1.0000000000000222,1.0137602189188646e-27,6.312454948742826e-28,5.267865213646188e-28,3.1110224319027445e-27,0.9999999999999758,0.999999999999993,1.0000000000000022,1.0000000000000056,3.738239266519358e-26,3.1556531620619966e-27,3.4735764328177084e-27,8.645746039387183e-28,5.697332183804986e-28,1.0000000000000024,1.000000000000006,7.669971321947457e-27,338860032,2,nearest,1.0000000000000224,1.0000000000000073,1.0000000000000007,8.603321888313488e-26,1.0000000000000029,1.8744652145356473e-26,7.767119286688134e-26,1.0000000000000238,0.999999999999976,3.088955485569754e-26,1.000000000000002,5.0733552753289384e-23,1.0000000000000107,4.01658068038446e-26,1.00000000000001,2.2485993905120765e-24,1.0000000000000142,1.0000000000000024,8.536562278791222e-26,1.386974313698206e-26,1,10,11,12,13,14,15,16,17,18,19,2,20,3,4,5,6,7,8,9,1.0000000000000222,3.321129062883748e-27,3.903259107130278e-26,1.0000000000000224,1.0000000000000027,1.0000000000000107,7.766754886849754e-26,1.0000000000000238,0.9999999999999761,3.576367165809544e-27,1.000000000000002,1.0000000000000053,1.465513125947739e-26,4.8031521847611475e-27,2.938437846619062e-26,0.999999999999998,1.000000000000014,1.0000000000000022,8.419654189867766e-26,6.770078244316588e-27,5.278064171,0.432580253
-4.287283223768744,-2.3097644767925565,-2.1999763972358,-2.1894546367501704,-1.9967863899097027,-1.9728141838824218,-1.7404036226071797,-1.7041303763265,-1.686103347194413,-1.680793810402761,-1.635190822868468,-4.281944271463514,-1.6335063905255107,-2.945322548386097,-2.9020471384083337,-2.872288032532773,-2.856746946327395,-2.5544915891957496,-2.5354906012872283,-2.3628221918109076,0.0,6,0.7311647675416411,1.4330113383267264,1.4349228433482428,1.4393552271761227,1.4088527466521736,1.3764993295837833,1.44049114869163,1.3981058959409332,1.2176981926359196,1.206108016272955,1.2689465079216622,0.7325725739762639,1.4590984691629398,1.3891054496563076,1.422218640232053,1.407495559659497,1.4193228820113042,1.228652587608134,1.2064543977182736,1.3691854720779453,90.0,0.5420720247650439,0.35069518629787844,0.27348089566050027,0.28274867817713945,0.3446855807285528,0.4145070875716084,0.1729932819965801,0.1755842707879381,0.32233283184766665,0.3267689981965381,-0.016899571540497527,0.5476218941042852,0.4242316792874152,0.2621612538858244,0.313266494289644,0.3442512498475924,0.35449832064308906,0.19018720706328573,0.208856455025422,0.32410853697281045,1.16,1.000000000000004,2.4733316198765756e-27,1.000000000000031,1.0000000000000246,3.541045610629482e-28,1.0667494850367573e-28,1.2591859976674994e-28,6.230386451580619e-27,1.0000000000000095,0.9999999999999998,0.9999999999999997,1.0000000000000027,5.583148265559738e-26,4.563868485494655e-28,1.0584417936286485e-27,9.415239793087437e-28,1.828826097335187e-27,1.0000000000000226,0.9999999999999926,4.134795945788467e-27,345488944,2,nearest,1.000000000000004,1.0000000000000127,1.000000000000031,3.025587826454976e-24,1.0000000000000093,1.3856646181657246e-24,1.220231695716162e-26,1.0000000000000062,1.0000000000000093,1.2912124302621423e-26,0.9999999999999996,3.2242244434003245e-23,1.0000000000000013,5.769905434583603e-26,0.9999999999999866,1.5139731861051514e-24,0.9999999999999969,1.0000000000000226,8.428164065994708e-26,6.31977850360277e-27,1,10,11,12,13,14,15,16,17,18,19,2,20,3,4,5,6,7,8,9,1.000000000000004,1.0142440125208947e-27,3.1268088328411396e-24,1.0000000000000244,1.0000000000000093,1.000000000000004,1.2248818920177578e-26,1.000000000000006,1.0000000000000093,5.2756421187616236e-27,0.9999999999999996,1.0000000000000027,1.3797300491831937e-26,2.7504473625242374e-26,4.483269087694027e-25,0.9999999999999943,0.9999999999999969,1.0000000000000224,8.344719799442756e-26,9.218212826434248e-28,5.565395324,0.428633963
-4.602745936755875,-2.569180150929253,-2.4307657610928417,-2.4205743280371497,-2.2349129092437225,-2.213613801161793,-1.971199372514445,-1.9283572930152084,-1.91188696942354,-1.9066353775040519,-1.8650352404320434,-4.598580237681352,-1.8598801771447073,-3.2180463849069603,-3.1816240379550305,-3.14790687796787,-3.135477919432251,-2.7666720650724406,-2.7466088159497883,-2.614174108132881,0.0,6,0.7314995052311056,1.4318790551767324,1.4371508415790564,1.4422847180509333,1.406587724388992,1.3833445525506731,1.4670228968092465,1.4071694190745556,1.2190248392986571,1.208488646168367,1.456189796748237,0.7322975511402756,1.25935573803456,1.3991267743669165,1.42404797596576,1.4118655000994484,1.4209503080086086,1.2477171277793517,1.2268044407391971,1.3791228197817276,90.0,0.5511481767072686,0.3578511196040122,0.273962640637412,0.28282397816531,0.3635105334881472,0.42315038358080315,0.17558443912562044,0.1654308442667652,0.32451964997697563,0.3289358294414368,0.4343470934495919,0.5554671075140746,0.005562406560518977,0.2803796407719151,0.3236635168140184,0.35672803937890146,0.3648001888586748,0.1900986781184605,0.21015787555221785,0.33406265481098896,1.21,1.0000000000000115,5.275778474601686e-27,1.0000000000000189,1.0000000000000224,8.434895229075669e-28,1.1098040341295228e-27,3.3626428680210036e-28,2.3235115573504295e-25,1.0000000000000004,1.0000000000000049,8.961038335764467e-26,1.000000000000021,1.000000000000015,1.1978606326748183e-27,5.18639067327883e-28,1.3812831190903476e-27,5.897659712900369e-28,1.0000000000000044,1.0000000000000033,8.508789309181918e-27,330240432,2,nearest,1.0000000000000115,0.9999999999999954,1.0000000000000187,1.90982197862295e-26,1.0000000000000262,1.9000918587747156e-24,2.7303736105235333e-27,1.0000000000000087,1.0000000000000002,2.661410009708868e-25,1.0000000000000087,1.4481892626776484e-24,1.000000000000015,6.592847562153732e-26,1.0000000000000056,2.0495891164846202e-24,1.0000000000000266,1.0000000000000042,2.635423971501781e-25,1.0322095977833515e-26,1,10,11,12,13,14,15,16,17,18,20,2,19,3,4,5,6,7,8,9,1.0000000000000118,2.4910994791715145e-27,8.03225384377746e-26,1.0000000000000224,1.0000000000000262,1.0000000000000084,2.7343336459399338e-27,1.0000000000000084,1.0000000000000004,2.6522650678886695e-25,4.357761317673364e-26,1.000000000000021,1.000000000000015,4.6448672441285515e-26,3.5366014887642096e-25,1.0000000000000124,1.0000000000000266,1.0000000000000042,2.6230356027531136e-25,4.2590045605058444e-27,5.626386423,0.448135921
-4.921710049515205,-2.832065284133066,-2.664640086987782,-2.6550262862116214,-2.4775388253833945,-2.458885075423853,-2.2029306123684402,-2.1540180277862593,-2.1402737565650494,-2.1352830532532283,-2.1004642843615633,-4.918437269803887,-2.0893660403633136,-3.49518404036126,-3.464441910062048,-3.4275028546134156,-3.4175400043909114,-2.981848014883975,-2.961017893194276,-2.870165077371808,0.0,6,0.7316297627447831,1.4308023469292843,1.4393416220981847,1.4453418556139221,1.4057482430665478,1.3890769933035383,1.491319540545634,1.418920582968561,1.2209791297909551,1.2112119515955047,1.4536901610815414,0.732038775761176,1.2453808448907475,1.4068430803268992,1.4255204702855744,1.415204290327605,1.422234470415122,1.2666580796370863,1.2468466699623688,1.3876806584927799,90.0,0.5593496854572775,0.36462885109244075,0.2745697442328645,0.282759408770948,0.381008492450072,0.4312153884497113,0.1814299728444208,0.15628964864930345,0.32613924766893687,0.3302748998127871,0.4440128873032639,0.56273248814907,0.028045426961708458,0.29691060636663635,0.33357239486241363,0.36815304241928837,0.37450787890556747,0.19049914484856198,0.2115855386444149,0.34361531664798983,1.26,1.0000000000000278,1.0856390059313073e-26,1.0000000000000113,1.0000000000000244,1.7162693587813526e-28,2.5380405548920535e-28,7.547072339592263e-28,5.50074736829657e-25,0.9999999999999781,0.9999999999999928,1.1424012458474523e-26,1.0000000000000073,0.9999999999999867,6.506130315810295e-28,4.061894104789566e-28,8.884584463650533e-28,3.507195465926932e-28,1.0000000000000233,1.0000000000000062,6.849555980517605e-26,337872944,2,nearest,1.0000000000000275,1.0000000000000093,1.000000000000011,2.2395072319660704e-24,1.0000000000000182,8.296815698315852e-24,7.032400374175957e-28,0.9999999999999976,0.9999999999999779,8.470001165902872e-25,1.0000000000000122,1.8889954388855585e-23,0.9999999999999866,2.885887405667054e-26,1.000000000000013,6.1627976075097415e-25,1.0000000000000075,1.0000000000000233,6.661345690474733e-25,6.344750474374664e-25,1,10,11,12,13,14,15,16,17,18,19,2,20,3,4,5,6,7,8,9,1.0000000000000275,1.7877853005922727e-27,1.2973492724953404e-24,1.0000000000000244,1.000000000000018,1.0000000000000218,9.886152775649449e-28,0.9999999999999978,0.999999999999978,8.306412082180202e-25,1.325069384022364e-26,1.0000000000000073,0.9999999999999866,9.749655187142926e-27,2.415766960508401e-26,1.0000000000000162,1.0000000000000075,1.0000000000000233,6.602869930991261e-25,3.7866432786256534e-26,5.669451147,0.545561127
-5.243848587109472,-3.098187910332974,-2.9015239840661806,-2.892657495543914,-2.724443257945594,-2.708267019285718,-2.4358571334640384,-2.380947323741905,-2.370962966304758,-2.366346281081786,-2.3395750498100525,-5.241260126143821,-2.3234825705227657,-3.776327859915477,-3.75030087913709,-3.7107262380904276,-3.7027218857185376,-3.2000668588860415,-3.1786911437700454,-3.130435188294844,0.0,6,0.7316326657203694,1.4297764014366379,1.4414928876428226,1.448559709366835,1.4059438513274525,1.393859528278811,1.5128201399308043,1.4322511671285456,1.2233286134963925,1.2142332953545956,1.4515420243684087,0.7317962387968966,1.2277378771698737,1.41275732209091,1.4266954042233195,1.4177548127904693,1.423239139206815,1.2854650207538247,1.2665457529972084,1.39485195072411,90.0,0.5668052043558903,0.3710468290116258,0.275316557618347,0.28266219503781764,0.39693128678061484,0.43873210368142274,0.1912185716835531,0.14843205772320833,0.3272130014568361,0.33090848812512963,0.45321638003235376,0.5694717001153686,0.0502259391539727,0.3119289935556614,0.34300767685265393,0.37865450654303123,0.383655053590975,0.19135001196613138,0.21318632092849638,0.3526653848645473,1.31,1.0000000000000349,1.1713820233530092e-26,0.9999999999999795,1.0000000000000275,3.9446743046543814e-28,1.0993393011837003e-27,9.198980971492083e-28,1.0237939133356937e-25,1.0000000000000377,0.9999999999999933,9.7944693890924e-25,1.0000000000000198,0.9999999999999722,5.594995970280026e-28,1.1186663933616151e-27,3.0228163811937646e-27,6.682144905287733e-28,1.0000000000000007,0.9999999999999954,3.1752026144075705e-25,322611104,2,nearest,1.0000000000000346,0.9999999999999977,0.9999999999999793,8.506222363323935e-27,1.000000000000007,2.0092960781962617e-24,9.606089014664778e-28,0.9999999999999961,1.0000000000000375,5.965090302794035e-25,0.9999999999999972,8.482927136650065e-23,0.9999999999999722,2.554249235671154e-25,1.0000000000000075,1.5651912055904376e-24,1.000000000000013,1.0000000000000004,8.297169901056337e-26,2.694813860793966e-25,1,10,11,12,13,14,15,16,17,18,19,2,20,3,4,5,6,7,8,9,1.0000000000000346,1.2135934773533198e-26,7.379522597406396e-27,1.0000000000000275,1.000000000000007,1.0000000000000349,9.726993925045288e-28,0.9999999999999961,1.0000000000000375,1.0954841286954215e-25,3.0001637472622775e-26,1.0000000000000198,0.9999999999999721,3.6306139871439237e-26,6.05018843411518e-26,0.9999999999999917,1.0000000000000129,1.0000000000000007,8.327319253506811e-26,8.966981909647241e-27,5.051373703,0.403547103
-5.568880508124212,-3.3673327719348056,-3.1413416171375066,-3.1333360291100973,-2.9753716835158004,-2.9614317013937193,-2.6703090055008576,-2.6090471177165524,-2.6036645123835522,-2.599467684252395,-2.582158596719904,-5.566820084855818,-2.5620338256972546,-4.061119711417019,-4.039014847672559,-3.9972725021539066,-3.9908272691682054,-3.421369409272506,-3.3996165817485506,-3.394638152215818,0.0,6,0.731557940699983,1.4287978226685318,1.4436022693083355,1.4519442553837656,1.4067869241772388,1.3978319381579012,1.5310625674717389,1.4461706115997757,1.2260146944764363,1.2174961251917722,1.4496905234328654,0.7315695642529412,1.2073282398305634,1.4172729561190842,1.427623251341057,1.4197020492350207,1.4240172065322827,1.3041003548441277,1.2858452279251298,1.4007115653050062,90.0,0.5736183482230953,0.37712308557270846,0.27621354686334826,0.2826096057303756,0.41119359918016746,0.4457311521031144,0.205716092499615,0.1419721106637022,0.32774246564743753,0.3309214520628373,0.4619454357625986,0.5757333170440461,0.0718234426184762,0.32560366144882036,0.35198653205468394,0.38834259307700986,0.3922756784259247,0.19263405179289422,0.21500618053681628,0.3611573420031947,1.36,1.0000000000000213,2.808712602983807e-25,0.9999999999999991,1.0000000000000302,1.0136723965134006e-27,1.0386339893366147e-27,1.997898094549098e-28,1.2377802716413948e-24,0.9999999999999976,0.9999999999999938,3.468851895552533e-26,1.0000000000000209,0.9999999999999954,5.151046006939436e-28,6.013831807145807e-28,7.54268121931906e-28,4.746477459101675e-28,1.00000000000001,0.9999999999999811,4.874878770922689e-24,330234944,2,nearest,1.0000000000000215,0.9999999999999906,0.9999999999999991,1.8056435954010793e-24,1.0000000000000182,1.4442418631428127e-23,6.448056834294794e-28,1.0000000000000027,0.9999999999999978,8.521604321319669e-25,0.9999999999999943,1.2530821478049633e-22,0.9999999999999957,7.011889730972962e-26,1.0000000000000162,1.549242092878121e-23,1.0000000000000078,1.0000000000000102,2.4690950961200487e-24,3.4133994155264144e-25,1,10,11,12,13,14,15,16,17,18,19,2,20,3,4,5,6,7,8,9,1.0000000000000215,7.348288635940301e-27,1.2656663089664753e-24,1.0000000000000304,1.000000000000018,1.0000000000000036,6.402946693109804e-28,1.0000000000000027,0.9999999999999977,8.228145070283145e-25,2.18340354353296e-25,1.0000000000000209,0.9999999999999957,1.1735962573063515e-25,1.5034880271084633e-25,0.999999999999998,1.0000000000000075,1.00000000000001,2.219287955591129e-24,1.9670135738121133e-25,5.778531098,0.410237223
-5.896562010178695,-3.62379372815614,-3.3840160504270376,-3.376944110550691,-3.230052800970019,-3.218081291506098,-2.9066816807091294,-2.8382676767966983,-2.8381020791920313,-2.8343173624457987,-2.8280147218818454,-5.894911743086359,-2.804797159398185,-4.349245089027068,-4.33041071217723,-4.2868749609941545,-4.281674048100981,-3.6624480012514167,-3.645792646124229,-3.6393004272905976,0.0,6,0.7314376620600488,1.3046669813126388,1.4456672359038376,1.4554858924801013,1.407957878577757,1.401116501018825,1.5454408441296166,1.4599185916382451,1.2295935422397397,1.220945587180177,1.4480859379737838,0.7313581444139835,1.1852950865173215,1.4207078386870104,1.4283467062980146,1.4211866832185354,1.4246122592083263,1.4053917052004483,1.3225033554635568,1.4278641123662854,90.0,0.5798734182037688,0.2170882924575405,0.2772672656814373,0.2826562458671177,0.42383676509316104,0.4522441227459061,0.22563796394122723,0.13690316141805764,0.3276933196100823,0.3303712138531321,0.47019130073424453,0.5815610904137014,0.09263793926407884,0.338090389298469,0.3605278572276974,0.39731149505403546,0.4004031953912861,0.36907365431215855,0.19434781246546254,0.3828752264603831,1.41,1.0000000000000069,0.99999999999999,1.0000000000000082,0.9999999999999971,5.517638297761791e-27,3.881072394170937e-27,3.514424636566184e-27,1.7621441386118753e-23,1.0000000000000246,0.9999999999999986,1.695980387547584e-23,0.9999999999999982,0.9999999999999828,6.741062954146427e-28,4.5253498866069105e-28,1.0617513116450835e-27,2.120322527765995e-27,2.1571082950678085e-24,0.9999999999999999,1.2529812234649144e-23,354107056,2,nearest,1.0000000000000069,3.276248571748177e-24,1.000000000000008,3.717450073463297e-24,1.0000000000000004,5.444676511280179e-24,1.1337388099975409e-26,0.9999999999999929,1.0000000000000246,3.432868333970025e-23,1.000000000000003,3.8614153697438744e-22,0.999999999999983,1.4779122093455654e-23,0.999999999999989,4.1318204186247324e-24,0.9999999999999797,4.148211062067745e-24,0.9999999999999997,0.9999999999999889,1,8,11,12,13,14,15,16,17,18,19,2,20,3,4,5,6,9,7,10,1.0000000000000073,1.6427167013726683e-24,4.225270476963975e-24,0.999999999999997,1.0000000000000007,0.9999999999999983,1.1032623434432194e-26,0.9999999999999929,1.0000000000000244,1.8482076036592297e-23,8.064195191608408e-25,0.9999999999999982,0.9999999999999829,5.487947545441535e-25,1.0583503104155462e-24,0.9999999999999932,0.9999999999999799,2.0734359389146985e-24,0.9999999999999998,1.1127152858571957e-23,6.08071384,0.361087279
-6.226679830517049,-3.851229832958544,-3.629468808423737,-3.6233733107073243,-3.488213192879675,-3.477945445251029,-3.145423967418155,-3.07695158236699,-3.074026108358229,-3.070589985541992,-3.0685909394533426,-6.225350204766907,-3.0515194098517524,-4.640427365317841,-4.624327554832662,-4.579298680291063,-4.5750934118975275,-3.933563310926552,-3.9139062987812427,-3.8733703195765083,0.0,6,0.7312924841252342,1.3229125504626214,1.447685043337353,1.4591663520656042,1.409228434365695,1.4038206434476397,1.555078615083864,1.4466850273728364,1.2397153921091584,1.2245363561890394,1.4729854691047013,0.7311612334669592,1.1645614695490867,1.4233095354811551,1.4289016890570423,1.4223157668232993,1.4250600315751365,1.4090530389611298,1.4269733062378507,1.3405932596323897,90.0,0.5856397167465177,0.21947070952684,0.27848045474914074,0.2828393743874019,0.4349826184149067,0.4583031943546704,0.25135830325598396,0.4779505368901765,0.32683123796107005,0.3292965941837721,0.13314506298455397,0.5869943091003104,0.11272805825500305,0.34952890442805834,0.3686515601896085,0.4056416697797657,0.40806995506267263,0.3764240588636877,0.38832040108682414,0.19649504682294808,1.46,1.0000000000000457,0.9999999999999961,1.0000000000000362,1.0000000000000047,1.281729489149038e-28,3.6324463939302115e-28,1.494213488053393e-27,8.189559487551934e-27,0.9999999999999968,1.0000000000000118,5.049630788521321e-25,1.0000000000000304,0.9999999999999979,2.996562104191878e-28,8.92448202837846e-28,3.9655051629328737e-28,4.338734978715565e-28,4.42090223756532e-26,8.12522788073116e-26,1.0000000000000355,354115120,2,nearest,1.0000000000000462,1.9881625992253954e-25,1.000000000000036,1.736505526068803e-24,1.0000000000000144,1.2944006523604212e-23,5.755818152084175e-28,1.000000000000002,0.9999999999999964,6.995515969788698e-26,1.0000000000000067,5.777380838991098e-22,0.9999999999999976,2.901201376486998e-24,0.9999999999999991,7.551194315525122e-24,1.0000000000000049,2.0511293045717777e-24,0.9999999999999862,1.0000000000000353,1,10,11,12,13,14,15,19,17,18,16,2,20,3,4,5,6,7,9,8,1.0000000000000457,1.568807065915444e-25,9.178454625848958e-25,1.0000000000000042,1.000000000000014,1.000000000000011,6.954455991984533e-28,2.7690161621570085e-25,0.9999999999999963,4.685309924067937e-26,1.0000000000000067,1.0000000000000304,0.9999999999999977,6.786511203048473e-26,5.893925935628345e-25,0.9999999999999852,1.0000000000000047,4.2877227952413824e-26,6.089463846433872e-26,1.0000000000000353,5.988192197,0.379823087
